-- phpMyAdmin SQL Dump
-- version 4.8.5
-- https://www.phpmyadmin.net/
--
-- Host: 127.0.0.1
-- Generation Time: Jun 12, 2019 at 08:12 PM
-- Server version: 10.1.40-MariaDB
-- PHP Version: 7.3.5

SET SQL_MODE = "NO_AUTO_VALUE_ON_ZERO";
SET AUTOCOMMIT = 0;
START TRANSACTION;
SET time_zone = "+00:00";


/*!40101 SET @OLD_CHARACTER_SET_CLIENT=@@CHARACTER_SET_CLIENT */;
/*!40101 SET @OLD_CHARACTER_SET_RESULTS=@@CHARACTER_SET_RESULTS */;
/*!40101 SET @OLD_COLLATION_CONNECTION=@@COLLATION_CONNECTION */;
/*!40101 SET NAMES utf8mb4 */;

--
-- Database: `gamegang`
--

-- --------------------------------------------------------

--
-- Table structure for table `friends`
--

CREATE TABLE `friends` (
  `id` int(11) NOT NULL,
  `id_user1` int(11) NOT NULL,
  `id_user2` int(11) NOT NULL
) ENGINE=InnoDB DEFAULT CHARSET=utf8 COLLATE=utf8_unicode_ci;

--
-- Dumping data for table `friends`
--

INSERT INTO `friends` (`id`, `id_user1`, `id_user2`) VALUES
(1, 1, 8),
(4, 1, 161),
(5, 8, 1),
(6, 19, 8),
(7, 21, 19),
(8, 21, 1),
(9, 27, 21),
(10, 1, 6);

-- --------------------------------------------------------

--
-- Table structure for table `games`
--

CREATE TABLE `games` (
  `id` int(11) NOT NULL,
  `title` varchar(30) COLLATE utf8_unicode_ci NOT NULL,
  `genre` varchar(30) COLLATE utf8_unicode_ci NOT NULL,
  `thumbnail_path` varchar(50) COLLATE utf8_unicode_ci NOT NULL,
  `banner_path` varchar(50) COLLATE utf8_unicode_ci NOT NULL,
  `approved` int(2) DEFAULT NULL
) ENGINE=InnoDB DEFAULT CHARSET=utf8 COLLATE=utf8_unicode_ci;

--
-- Dumping data for table `games`
--

INSERT INTO `games` (`id`, `title`, `genre`, `thumbnail_path`, `banner_path`, `approved`) VALUES
(1, 'Theft and Fatal', 'Action', './images/Assassin_creed/thumbnail.jpg', './images/Assassin_creed/Banner.jpg', 1),
(2, 'World at War', 'Shooter', './images/Rainbow6/thumbnail.jpg', './images/Rainbow6/banner.jpg', 1),
(3, 'Into the Woods', 'Horror', './images/Divinity/thumbnail.jpeg', './images/Divinity/banner.jpg', 1),
(4, 'Alien on the moon', 'Horror', './images/Borderlands/thumbnail.jpg', './images/Borderlands/banner.jpg', 1),
(5, 'Badabum', 'Horror', './images/Divinity/thumbnail.jpeg', './images/Divinity/banner.jpg', 1),
(6, 'Mortal Kombat', 'Action', './images/Mortal_kombat/thumbnail.jpg', './images/Mortal_kombat/banner.jpg', 1),
(7, 'Anthem', 'Action', './images/Anthem/thumbnail.jpg', './images/Anthem/banner.img', 1),
(8, 'Assassins Creed', 'Adventure', './images/Assassin_creed/thumbnail.jpg', './images/Assassin_creed/banner.jpg', 1),
(9, 'Battle Simulator', 'Strategy', './images/Battle_simulator/thumbnail.jpg', './images/Battle_simulator/banner.jpg', 1),
(10, 'Borderlands', 'Shooter', './images/Borderlands/thumbnail.jpg', './images/Borderlands/banner.jpg', 1),
(11, 'Crysis', 'Shooter', './images/Crysis/thumbnail.jpg', './images/Crysis/banner.jpg', 1),
(12, 'Dishonored', 'Adventure', './images/Dishonored/thumbnail.jpg', './images/Dishonored/banner.jpg', 1),
(13, 'Divinity', 'RPG', './images/Divinity/thumbnail.jpeg', './images/Divinity/Banner.jpg', 1),
(14, 'Dota', 'MOBA', './images/Dota/thumbnail.jpg', './images/Dota/banner.jpg', 1),
(15, 'FIFA 18', 'Sport', './images/Fifa_2/thumbnail.jpg', './images/Fifa_2/banner.jpg', 1),
(16, 'For Honor', 'Action', './images/For_honor/thumbnail.jpg', './images/For_honor/banner.jpg', 1),
(17, 'Fortnite', 'Battle Royal', './images/Fortnite/thumbnail.jpg', './images/Fortnite/banner.jpg', 1),
(18, 'Gwent', 'Card Game', './images/Gwent/thumbnail.jpg', './images/Gwent/banner.jpg', 1),
(19, 'Hearthstone', 'Card Game', './images/Hearthstone/thumbnail.jpg', './images/Hearthstone/Banner.jpg', 1),
(20, 'Hellsblade', 'Adventure', './images/Hellsblade/thumbnail.jpg', './images/Hellsblade/banner.jpg', 1),
(21, 'League of Legends', 'MOBA', './images/LoL/thumbnail.jpg', './images/LoL/banner.jpg', 1),
(22, 'Need for Speed', 'Racing', './images/Need_for_speed/thumbnail.jpg', './images/Need_for_speed/banner.jpg', 1),
(23, 'Project Cars', 'Racing', './images/Project_cars/thumbnail.jpg', './images/Project_cars/banner.jpg', 1),
(24, 'Rainbow6', 'Shooter', './images/Rainbow6/thumbnail.jpg', './images/Rainbow6/banner.jpg', 1),
(25, 'The Last of Us', 'Adventure', './images/The_last_of_us/thumbnail.jpg', './images/The_last_of_us/Banner.jpg', 1),
(26, 'Thronebreaker', 'Strategy', './images/Thronebreaker/thumbnail.jpg', './images/Thronebreaker/banner.jpg', 1),
(27, 'Witcher', 'RPG', './images/Witcher/thumbnail.jpg', './images/Witcher/banner.jpg', 1),
(28, 'World of Warcraft', 'RPG', './images/WoW/thumbnail.png', './images/WoW/banner.jpg', 1),
(29, 'This War of Mine', 'Survival', './images/Divinity/thumbnail.jpeg', './images/Divinity/banner.jpg', 1),
(30, 'Tekken 7', 'Action', './images/Mortal_kombat/thumbnail.jpg', './images/Mortal_kombat/banner.jpg', 1);

-- --------------------------------------------------------

--
-- Table structure for table `generated_trivia`
--

CREATE TABLE `generated_trivia` (
  `id` int(11) NOT NULL,
  `generated_date` timestamp NOT NULL DEFAULT CURRENT_TIMESTAMP ON UPDATE CURRENT_TIMESTAMP,
  `id_trivia` int(11) NOT NULL
) ENGINE=InnoDB DEFAULT CHARSET=utf8 COLLATE=utf8_unicode_ci;

--
-- Dumping data for table `generated_trivia`
--

INSERT INTO `generated_trivia` (`id`, `generated_date`, `id_trivia`) VALUES
(1, '2019-06-12 16:48:47', 6);

-- --------------------------------------------------------

--
-- Table structure for table `libraries`
--

CREATE TABLE `libraries` (
  `id` int(11) NOT NULL,
  `id_user` int(11) NOT NULL,
  `id_game` int(11) NOT NULL,
  `hours` int(11) NOT NULL DEFAULT '0'
) ENGINE=InnoDB DEFAULT CHARSET=utf8 COLLATE=utf8_unicode_ci;

--
-- Dumping data for table `libraries`
--

INSERT INTO `libraries` (`id`, `id_user`, `id_game`, `hours`) VALUES
(10, 1, 1, 28),
(11, 1, 9, 54),
(14, 1, 4, 0),
(15, 1, 5, 0),
(16, 8, 30, 0),
(17, 8, 8, 254),
(18, 8, 9, 29),
(19, 8, 11, 0),
(20, 8, 10, 405),
(21, 19, 10, 203),
(22, 19, 12, 154),
(23, 19, 8, 49),
(24, 21, 2, 39),
(25, 21, 7, 3);

-- --------------------------------------------------------

--
-- Table structure for table `squad`
--

CREATE TABLE `squad` (
  `id` int(11) NOT NULL,
  `id_user1` int(11) NOT NULL,
  `id_user2` int(11) NOT NULL,
  `id_game` int(11) NOT NULL,
  `place` int(11) NOT NULL,
  `played_at` timestamp NOT NULL DEFAULT CURRENT_TIMESTAMP ON UPDATE CURRENT_TIMESTAMP
) ENGINE=InnoDB DEFAULT CHARSET=utf8 COLLATE=utf8_unicode_ci;

--
-- Dumping data for table `squad`
--

INSERT INTO `squad` (`id`, `id_user1`, `id_user2`, `id_game`, `place`, `played_at`) VALUES
(1, 1, 1, 9, 1, '2019-06-10 09:49:18'),
(3, 1, 4, 4, 1, '2019-06-10 09:51:09'),
(4, 1, 5, 4, 2, '2019-06-10 09:51:09'),
(5, 1, 6, 4, 3, '2019-06-10 09:51:09'),
(6, 1, 9, 4, 4, '2019-06-10 09:51:09'),
(8, 5, 6, 5, 1, '2019-06-12 05:01:03'),
(9, 8, 8, 8, 1, '2019-06-12 11:31:02'),
(10, 8, 1, 8, 2, '2019-06-12 11:31:02'),
(11, 8, 15, 8, 3, '2019-06-12 11:31:02'),
(14, 8, 4, 9, 2, '2019-06-12 11:37:27'),
(15, 8, 8, 9, 3, '2019-06-12 11:37:27'),
(16, 8, 12, 9, 4, '2019-06-12 11:37:27'),
(17, 8, 1, 10, 1, '2019-06-12 11:39:14'),
(19, 8, 4, 10, 3, '2019-06-12 11:39:14'),
(20, 8, 8, 10, 4, '2019-06-12 11:39:14'),
(21, 19, 21, 12, 1, '2019-06-12 14:07:01'),
(22, 19, 19, 12, 2, '2019-06-12 14:07:01');

-- --------------------------------------------------------

--
-- Table structure for table `trivia`
--

CREATE TABLE `trivia` (
  `id` int(11) NOT NULL,
  `question` varchar(200) COLLATE utf8_unicode_ci NOT NULL,
  `points` int(11) NOT NULL DEFAULT '100',
  `approved` int(2) DEFAULT NULL
) ENGINE=InnoDB DEFAULT CHARSET=utf8 COLLATE=utf8_unicode_ci;

--
-- Dumping data for table `trivia`
--

INSERT INTO `trivia` (`id`, `question`, `points`, `approved`) VALUES
(1, 'How much time did it take to fully develop Batmans cape in the game Batman:Arkham Asylum?', 100, 1),
(2, 'What does the bricks from super mario represent actually?', 250, 1),
(3, 'What is the world record for button-mashing?', 300, 1),
(4, 'How much money has Grand Theft Auto 5 generated within the first three days since it has gone on sale?', 100, 1),
(5, 'In which year was World of Warcraft released?', 110, 1),
(6, 'How many expansions were released so far for World of Warcraft?', 25, 1),
(10, 'In which month was Rainbow6 Siege released?', 47, 1);

-- --------------------------------------------------------

--
-- Table structure for table `trivia_answers`
--

CREATE TABLE `trivia_answers` (
  `id` int(11) NOT NULL,
  `id_trivia` int(11) NOT NULL,
  `answer` varchar(100) COLLATE utf8_unicode_ci NOT NULL,
  `type` varchar(100) COLLATE utf8_unicode_ci NOT NULL,
  `approved` int(2) NOT NULL
) ENGINE=InnoDB DEFAULT CHARSET=utf8 COLLATE=utf8_unicode_ci;

--
-- Dumping data for table `trivia_answers`
--

INSERT INTO `trivia_answers` (`id`, `id_trivia`, `answer`, `type`, `approved`) VALUES
(1, 1, '3 months', 'wrong', 1),
(2, 1, '2 weeks', 'wrong', 1),
(3, 1, 'Its not fully developed not even today', 'wrong', 1),
(4, 1, '2 years', 'correct', 1),
(5, 2, 'Actual bricks', 'wrong', 1),
(6, 2, 'Plastic bricks', 'wrong', 1),
(7, 2, 'People', 'correct', 1),
(8, 2, 'Lego pieces', 'wrong', 1),
(9, 3, '60 FPS', 'wrong', 1),
(10, 3, '10 presses per second', 'wrong', 1),
(11, 3, '16 presses per second', 'correct', 1),
(12, 3, '5 presses per second', 'wrong', 1),
(13, 4, '120 million dollars', 'wrong', 1),
(14, 4, '457 million dollars', 'wrong', 1),
(15, 4, '770 million dollars', 'wrong', 1),
(16, 4, '1 billion dollars', 'correct', 1),
(17, 5, '2002', 'wrong', 1),
(18, 5, '2003', 'wrong', 1),
(19, 5, '2001', 'wrong', 1),
(20, 5, '2004', 'correct', 1),
(21, 6, '7', 'correct', 1),
(22, 6, '2', 'wrong', 1),
(23, 6, '5', 'wrong', 1),
(24, 6, '8', 'wrong', 1),
(25, 10, 'December', 'correct', 1),
(26, 10, 'January', 'wrong', 1),
(27, 10, 'March', 'wrong', 1),
(28, 10, 'July', 'wrong', 1);

-- --------------------------------------------------------

--
-- Table structure for table `trivia_score`
--

CREATE TABLE `trivia_score` (
  `id` int(11) NOT NULL,
  `id_trivia` int(11) NOT NULL,
  `id_user` int(11) NOT NULL,
  `score` int(11) NOT NULL
) ENGINE=InnoDB DEFAULT CHARSET=utf8 COLLATE=utf8_unicode_ci;

--
-- Dumping data for table `trivia_score`
--

INSERT INTO `trivia_score` (`id`, `id_trivia`, `id_user`, `score`) VALUES
(1, 5, 1, 110),
(2, 3, 1, 300),
(3, 3, 1, 300),
(6, 6, 20, 25),
(7, 1, 20, 100),
(8, 2, 8, 250),
(9, 2, 21, 250);

-- --------------------------------------------------------

--
-- Table structure for table `users`
--

CREATE TABLE `users` (
  `id` int(11) NOT NULL,
  `username` varchar(30) COLLATE utf8_unicode_ci NOT NULL,
  `password` varchar(30) COLLATE utf8_unicode_ci NOT NULL,
  `email` varchar(30) COLLATE utf8_unicode_ci NOT NULL,
  `profile_path` varchar(50) COLLATE utf8_unicode_ci NOT NULL DEFAULT './images/ProfilePics/unknown_pic.jpg',
  `register_date` timestamp NOT NULL DEFAULT CURRENT_TIMESTAMP ON UPDATE CURRENT_TIMESTAMP,
  `acc_type` varchar(30) COLLATE utf8_unicode_ci NOT NULL DEFAULT 'user',
  `session_type` varchar(30) COLLATE utf8_unicode_ci NOT NULL DEFAULT 'public'
) ENGINE=InnoDB DEFAULT CHARSET=utf8 COLLATE=utf8_unicode_ci;

--
-- Dumping data for table `users`
--

INSERT INTO `users` (`id`, `username`, `password`, `email`, `profile_path`, `register_date`, `acc_type`, `session_type`) VALUES
(1, 'vlad', 'vlad', 'vlad_bulhac@gmail.com', '.\\images\\Hellsblade\\thumbnail.jpg', '2019-06-12 11:35:47', 'user', 'public'),
(4, 'test', 'test', 'vlad@gmail.com', './images/ProfilePics/unknown_pic.jpg', '2019-06-07 12:55:07', 'user', 'public'),
(5, 'catacomb', 'babuin', 'catacombe@yahoo.com', './images/ProfilePics/unknown_pic.jpg', '2019-06-07 12:55:12', 'user', 'public'),
(6, 'admin', 'admin', 'admin@admin.com', './images/ProfilePics/unknown_pic.jpg', '2019-06-07 12:55:59', 'admin', 'private'),
(7, 'testimg', 'testimg', 'testimg@gmail.com', './images/ProfilePics/unknown_pic.jpg', '2019-06-07 12:56:46', 'user', 'public'),
(8, 'UptightCucumber82', 'JSJ02Q3V6ZJFYLRQEFSL', 'uptightcucumber82@gmail.com', './images/ProfilePics/unknown_pic.jpg', '2019-06-01 21:00:00', 'user', 'public'),
(9, 'PanickyPig3', 'VLQ0GTDTX3TRVC1O20XI', 'panickypig3@gmail.com', './images/ProfilePics/unknown_pic.jpg', '2019-01-08 03:00:32', 'user', 'public'),
(10, 'FierceCantaloupe90', 'F9311VAFEA1JKGP33C7U', 'fiercecantaloupe90@gmail.com', './images/ProfilePics/unknown_pic.jpg', '2019-06-08 08:16:01', 'user', 'public'),
(11, 'TanHorseradish40', 'GP4XNYJBUU2HPO9BDUAG', 'tanhorseradish40@gmail.com', './images/ProfilePics/unknown_pic.jpg', '2019-06-08 08:16:01', 'user', 'public'),
(12, 'GoldBroccoli77', 'D4CD8BVWZ7ZOTUR84309', 'goldbroccoli77@gmail.com', './images/ProfilePics/unknown_pic.jpg', '2019-06-08 08:16:01', 'user', 'public'),
(13, 'PlumpSorrel42', '7HARK7MTUHBWAF7T216I', 'plumpsorrel42@gmail.com', './images/ProfilePics/unknown_pic.jpg', '2019-06-08 08:16:01', 'user', 'public'),
(14, 'ThoughtlessAlligator56', 'YBQYP7MLMN5TJIPTPAK3', 'thoughtlessalligator56@gmail.c', './images/ProfilePics/unknown_pic.jpg', '2019-06-08 08:16:01', 'user', 'public'),
(15, 'KindTomatillo6', '57SOY0Z6T0Q9E9EG4HPT', 'kindtomatillo6@gmail.com', './images/ProfilePics/unknown_pic.jpg', '2019-06-08 08:16:01', 'user', 'public'),
(16, 'RubyRutabaga62', 'CRMTZNP4IJNN7MRFNW2Y', 'rubyrutabaga62@gmail.com', './images/ProfilePics/unknown_pic.jpg', '2019-06-08 08:16:01', 'user', 'public'),
(17, 'ChocolateFly26', 'R9X7WPXIYFHXNOACKDWM', 'chocolatefly26@gmail.com', './images/ProfilePics/unknown_pic.jpg', '2019-06-08 08:16:01', 'user', 'public'),
(18, 'PinkHippotamus89', 'DRRP2WK41J1VCNMHY4KV', 'pinkhippotamus89@gmail.com', './images/ProfilePics/unknown_pic.jpg', '2019-06-08 08:16:01', 'user', 'public'),
(19, 'PoliteCat78', '9ZKOA5L51OXYLIM0ZISZ', 'politecat78@gmail.com', './images/ProfilePics/unknown_pic.jpg', '2019-06-08 08:16:01', 'user', 'public'),
(20, 'SillyPotato83', 'IHH77O0MRCEC26938YUY', 'sillypotato83@gmail.com', './images/ProfilePics/unknown_pic.jpg', '2019-06-08 08:16:01', 'user', 'public'),
(21, 'ShapelyRat49', 'NDUNYMQSH2WIULRS0BBO', 'shapelyrat49@gmail.com', './images/ProfilePics/unknown_pic.jpg', '2019-06-12 14:17:44', 'user', 'private'),
(22, 'ScrawnyPotato9', 'HNYH5CH6VCV6BRE8EAVX', 'scrawnypotato9@gmail.com', './images/ProfilePics/unknown_pic.jpg', '2019-06-08 08:16:01', 'user', 'public'),
(23, 'BrownCamel88', '95MU5L650S54Z8YCFRO6', 'browncamel88@gmail.com', './images/ProfilePics/unknown_pic.jpg', '2019-06-08 08:16:01', 'user', 'public'),
(24, 'WittyHippotamus4', 'M6LGXZGRSKBBXNBW50AB', 'wittyhippotamus4@gmail.com', './images/ProfilePics/unknown_pic.jpg', '2019-06-08 08:16:01', 'user', 'public'),
(25, 'VioletApple58', '2K357XNVC7A3KMWTDHGW', 'violetapple58@gmail.com', './images/ProfilePics/unknown_pic.jpg', '2019-06-08 08:16:01', 'user', 'public'),
(26, 'MaroonScorpion23', 'SZHCJM9OROL5W4M5RMFI', 'maroonscorpion23@gmail.com', './images/ProfilePics/unknown_pic.jpg', '2019-06-08 08:16:01', 'user', 'public'),
(27, 'HappyLobster70', 'HQ7UMTFUJLHRKXK3WW9H', 'happylobster70@gmail.com', './images/ProfilePics/unknown_pic.jpg', '2019-06-08 08:16:01', 'user', 'public'),
(28, 'BeigeKumquat96', '3VF4HY4APP76GOJAA3WG', 'beigekumquat96@gmail.com', './images/ProfilePics/unknown_pic.jpg', '2019-06-08 08:16:01', 'user', 'public'),
(29, 'DazzlingLion25', 'IPZ0QOOLMNZ3SJ59BPX0', 'dazzlinglion25@gmail.com', './images/ProfilePics/unknown_pic.jpg', '2019-06-08 08:16:01', 'user', 'public'),
(30, 'LargeDolphin40', 'Z6YSQ8TMLF57MSWCC698', 'largedolphin40@gmail.com', './images/ProfilePics/unknown_pic.jpg', '2019-06-08 08:16:01', 'user', 'public'),
(31, 'EagerRhubarb55', 'SUHOAOUIVYSGWH7724BF', 'eagerrhubarb55@gmail.com', './images/ProfilePics/unknown_pic.jpg', '2019-06-08 08:16:01', 'user', 'public'),
(32, 'SadCamel58', 'W79VRYSS0FG0WN4GDYOJ', 'sadcamel58@gmail.com', './images/ProfilePics/unknown_pic.jpg', '2019-06-08 08:16:01', 'user', 'public'),
(33, 'GentleEagle53', 'BLNKP59O1QJ2NMAWE9HT', 'gentleeagle53@gmail.com', './images/ProfilePics/unknown_pic.jpg', '2019-06-08 08:16:01', 'user', 'public'),
(34, 'MuscularZebra66', '2ZYL5437SWFH41H16Z3J', 'muscularzebra66@gmail.com', './images/ProfilePics/unknown_pic.jpg', '2019-06-08 08:16:01', 'user', 'public'),
(35, 'KindCherries34', '75CDG7UEKM5UADWTNYKR', 'kindcherries34@gmail.com', './images/ProfilePics/unknown_pic.jpg', '2019-06-08 08:16:01', 'user', 'public'),
(36, 'ShortCorn92', '9LCER06A5BZLCYMDJLCE', 'shortcorn92@gmail.com', './images/ProfilePics/unknown_pic.jpg', '2019-06-08 08:16:01', 'user', 'public'),
(37, 'DefeatedBanana86', 'YNAY7ABGQPS881PQY4GM', 'defeatedbanana86@gmail.com', './images/ProfilePics/unknown_pic.jpg', '2019-06-08 08:16:01', 'user', 'public'),
(38, 'PoliteKiwifruit19', 'KX535TE78NDZBIRW1STK', 'politekiwifruit19@gmail.com', './images/ProfilePics/unknown_pic.jpg', '2019-06-08 08:16:01', 'user', 'public'),
(39, 'YellowSquirrel9', 'QT0QW20IKG2D3QOZD67J', 'yellowsquirrel9@gmail.com', './images/ProfilePics/unknown_pic.jpg', '2019-06-08 08:16:01', 'user', 'public'),
(40, 'ColossalDurian62', 'WA6BUANAQ6T2VEQT4FDE', 'colossaldurian62@gmail.com', './images/ProfilePics/unknown_pic.jpg', '2019-06-08 08:16:01', 'user', 'public'),
(41, 'GentleCoconut89', 'Y13KRQGN371QCOTBNVGY', 'gentlecoconut89@gmail.com', './images/ProfilePics/unknown_pic.jpg', '2019-06-08 08:16:01', 'user', 'public'),
(42, 'PlumpCherimoya81', 'MLYTWJDVBAVM14XTDVT8', 'plumpcherimoya81@gmail.com', './images/ProfilePics/unknown_pic.jpg', '2019-06-08 08:16:01', 'user', 'public'),
(43, 'GlamorousLime13', 'BTDEVQWLN2EO9UIEHWCD', 'glamorouslime13@gmail.com', './images/ProfilePics/unknown_pic.jpg', '2019-06-08 08:16:01', 'user', 'public'),
(44, 'EmeraldBeans12', 'R978YY9YFC8S99GYC9AA', 'emeraldbeans12@gmail.com', './images/ProfilePics/unknown_pic.jpg', '2019-06-08 08:16:01', 'user', 'public'),
(45, 'TurquoiseCranverries22', 'R5MWA9S23LNUO5J2EMGJ', 'turquoisecranverries22@gmail.c', './images/ProfilePics/unknown_pic.jpg', '2019-06-08 08:16:01', 'user', 'public'),
(46, 'HandsomeWatercress38', '6NOS6CVIFT48711IXVMY', 'handsomewatercress38@gmail.com', './images/ProfilePics/unknown_pic.jpg', '2019-06-08 08:16:01', 'user', 'public'),
(47, 'EmbarrassedBear3', 'WRU2FMPYTAOHLOLIES3W', 'embarrassedbear3@gmail.com', './images/ProfilePics/unknown_pic.jpg', '2019-06-08 08:16:01', 'user', 'public'),
(48, 'AgreeableOlives58', 'H3HJ0FK3FJUMYLH84TQT', 'agreeableolives58@gmail.com', './images/ProfilePics/unknown_pic.jpg', '2019-06-08 08:16:01', 'user', 'public'),
(49, 'AzurePrunes3', 'NPUMLM1EVCLF1A18UJ3K', 'azureprunes3@gmail.com', './images/ProfilePics/unknown_pic.jpg', '2019-06-08 08:16:01', 'user', 'public'),
(50, 'JollyDuck75', 'LTQX8MM5TC5L1MHAVG20', 'jollyduck75@gmail.com', './images/ProfilePics/unknown_pic.jpg', '2019-06-08 08:16:01', 'user', 'public'),
(51, 'MaroonLime48', 'CUE0QSU8JLKU8OJOOR13', 'maroonlime48@gmail.com', './images/ProfilePics/unknown_pic.jpg', '2019-06-08 08:16:01', 'user', 'public'),
(52, 'RedKumquat53', '06K5N9HYN4XZFGECYPFA', 'redkumquat53@gmail.com', './images/ProfilePics/unknown_pic.jpg', '2019-06-08 08:16:01', 'user', 'public'),
(53, 'ObedientBee95', '843S21OD0Z5E2B76QITO', 'obedientbee95@gmail.com', './images/ProfilePics/unknown_pic.jpg', '2019-06-08 08:16:01', 'user', 'public'),
(54, 'PlumpSalsify2', 'GHD7JI98BOXPA5BO43DH', 'plumpsalsify2@gmail.com', './images/ProfilePics/unknown_pic.jpg', '2019-06-08 08:16:01', 'user', 'public'),
(55, 'Coffee0Olives52', '79YGYZ7PLH0MJXLCN23C', 'coffee0olives52@gmail.com', './images/ProfilePics/unknown_pic.jpg', '2019-06-08 08:16:01', 'user', 'public'),
(56, 'MysteriousGuava85', 'L75XIJBORCOIHGXX5XBT', 'mysteriousguava85@gmail.com', './images/ProfilePics/unknown_pic.jpg', '2019-06-08 08:16:01', 'user', 'public'),
(57, 'GlamorousRadicchio1', '5HU93DITH4EHJIDDTO41', 'glamorousradicchio1@gmail.com', './images/ProfilePics/unknown_pic.jpg', '2019-06-08 08:16:01', 'user', 'public'),
(58, 'DefeatedLime25', 'ZF6KFVMROZ7MXUH8H2Z1', 'defeatedlime25@gmail.com', './images/ProfilePics/unknown_pic.jpg', '2019-06-08 08:16:01', 'user', 'public'),
(59, 'WhiteTiger28', 'LGUIG9K5W0UI95K54L3H', 'whitetiger28@gmail.com', './images/ProfilePics/unknown_pic.jpg', '2019-06-08 08:16:01', 'user', 'public'),
(60, 'WittyOnion58', 'Q42EUJRLV12V46XK0147', 'wittyonion58@gmail.com', './images/ProfilePics/unknown_pic.jpg', '2019-06-08 08:16:01', 'user', 'public'),
(61, 'WhiteChimpanzee37', 'N3IC7VACKXWBTBRR1XEE', 'whitechimpanzee37@gmail.com', './images/ProfilePics/unknown_pic.jpg', '2019-06-08 08:16:01', 'user', 'public'),
(62, 'ProudGrapefruit71', 'N8OCXYXE7KR2F1YGYZ6Y', 'proudgrapefruit71@gmail.com', './images/ProfilePics/unknown_pic.jpg', '2019-06-08 08:16:01', 'user', 'public'),
(63, 'PanickySoursop33', 'YJLBK3QBB6P5U7RRHOD8', 'panickysoursop33@gmail.com', './images/ProfilePics/unknown_pic.jpg', '2019-06-08 08:16:01', 'user', 'public'),
(64, 'ZealousTangerine21', 'WKCT626MR9NI2NPIRG79', 'zealoustangerine21@gmail.com', './images/ProfilePics/unknown_pic.jpg', '2019-06-08 08:16:01', 'user', 'public'),
(65, 'GentleStrawberries21', 'NJ6VEJ1V3X5Q5XX2GDNX', 'gentlestrawberries21@gmail.com', './images/ProfilePics/unknown_pic.jpg', '2019-06-08 08:16:01', 'user', 'public'),
(66, 'MaroonElderberries28', '4KINEFFK4IPLM7HV7S88', 'maroonelderberries28@gmail.com', './images/ProfilePics/unknown_pic.jpg', '2019-06-08 08:16:01', 'user', 'public'),
(67, 'GiganticPomegrante58', 'UU745HPS4OITZHG8GUBR', 'giganticpomegrante58@gmail.com', './images/ProfilePics/unknown_pic.jpg', '2019-06-08 08:16:01', 'user', 'public'),
(68, 'MuscularCherimoya92', '6W5G4VHZEPSKX5D868EL', 'muscularcherimoya92@gmail.com', './images/ProfilePics/unknown_pic.jpg', '2019-06-08 08:16:01', 'user', 'public'),
(69, 'ShortSpinach8', 'NK0P2JU0QCLAD6SIDBDW', 'shortspinach8@gmail.com', './images/ProfilePics/unknown_pic.jpg', '2019-06-08 08:16:01', 'user', 'public'),
(70, 'LittleKohlrabi45', '3QDTD0ATG566EBZ41DUA', 'littlekohlrabi45@gmail.com', './images/ProfilePics/unknown_pic.jpg', '2019-06-08 08:16:01', 'user', 'public'),
(71, 'SillyGoldfish74', 'JRIBTJARBDJGJ5U7HRGR', 'sillygoldfish74@gmail.com', './images/ProfilePics/unknown_pic.jpg', '2019-06-08 08:16:01', 'user', 'public'),
(72, 'RepulsiveCarrot64', 'O87Y077NIV46KKLRIPMY', 'repulsivecarrot64@gmail.com', './images/ProfilePics/unknown_pic.jpg', '2019-06-08 08:16:01', 'user', 'public'),
(73, 'LazyHorseradish33', '5B2UXEZ80PATRHET8ON4', 'lazyhorseradish33@gmail.com', './images/ProfilePics/unknown_pic.jpg', '2019-06-08 08:16:01', 'user', 'public'),
(74, 'TeenyCarambola96', 'H3QZLZYTJ9TXM7VIKE0C', 'teenycarambola96@gmail.com', './images/ProfilePics/unknown_pic.jpg', '2019-06-08 08:16:01', 'user', 'public'),
(75, 'ElegantTurnip57', 'DA368BKMESUIEY2JY3RD', 'elegantturnip57@gmail.com', './images/ProfilePics/unknown_pic.jpg', '2019-06-08 08:16:01', 'user', 'public'),
(76, 'TallSeal32', '2NGREKSUDT6TAJGY1NG0', 'tallseal32@gmail.com', './images/ProfilePics/unknown_pic.jpg', '2019-06-08 08:16:01', 'user', 'public'),
(77, 'SkinnyShallots6', 'IRPR9WKGXJYNVCHSL0CO', 'skinnyshallots6@gmail.com', './images/ProfilePics/unknown_pic.jpg', '2019-06-08 08:16:01', 'user', 'public'),
(78, 'ObnoxiousKumquat49', 'R7DV7EBLE6INGCBAC4H5', 'obnoxiouskumquat49@gmail.com', './images/ProfilePics/unknown_pic.jpg', '2019-06-08 08:16:01', 'user', 'public'),
(79, 'OliveSorrel72', 'OSONGKI9Y3MHAW1CQHBB', 'olivesorrel72@gmail.com', './images/ProfilePics/unknown_pic.jpg', '2019-06-08 08:16:01', 'user', 'public'),
(80, 'SmallDaikon8', '4TUDH8NFZ2IOYUUD954R', 'smalldaikon8@gmail.com', './images/ProfilePics/unknown_pic.jpg', '2019-06-08 08:16:01', 'user', 'public'),
(81, 'DelightfulApple63', 'LSHKRTLTLJ1YS5OX5559', 'delightfulapple63@gmail.com', './images/ProfilePics/unknown_pic.jpg', '2019-06-08 08:16:01', 'user', 'private'),
(82, 'AzurePotato69', 'MG3X5Q1QMBY8188LLKMR', 'azurepotato69@gmail.com', './images/ProfilePics/unknown_pic.jpg', '2019-06-08 08:16:01', 'user', 'public'),
(83, 'BaldLongan29', 'AA1Z9C288LIXJNJ7VZ6U', 'baldlongan29@gmail.com', './images/ProfilePics/unknown_pic.jpg', '2019-06-08 08:16:01', 'user', 'public'),
(84, 'ClumsyRutabaga52', 'PS0QG0EWQ4WF24YUXG5L', 'clumsyrutabaga52@gmail.com', './images/ProfilePics/unknown_pic.jpg', '2019-06-08 08:16:01', 'user', 'public'),
(85, 'OliveCassava79', 'JTLEHT6Z31PPCH4ZQFCM', 'olivecassava79@gmail.com', './images/ProfilePics/unknown_pic.jpg', '2019-06-08 08:16:01', 'user', 'public'),
(86, 'BlueGrapefruit7', 'GBFAPB78LL5XTLWT6M5E', 'bluegrapefruit7@gmail.com', './images/ProfilePics/unknown_pic.jpg', '2019-06-08 08:16:01', 'user', 'public'),
(87, 'HugeDog83', 'WI7N9V9051P65E8ONVN6', 'hugedog83@gmail.com', './images/ProfilePics/unknown_pic.jpg', '2019-06-08 08:16:01', 'user', 'public'),
(88, 'FancyBird81', '1H1DKWFCTNXY7G9QNV3Z', 'fancybird81@gmail.com', './images/ProfilePics/unknown_pic.jpg', '2019-06-08 08:16:01', 'user', 'public'),
(89, 'VioletFish51', 'ISLN4NJXZ80USODZOM5D', 'violetfish51@gmail.com', './images/ProfilePics/unknown_pic.jpg', '2019-06-08 08:16:01', 'user', 'public'),
(90, 'MagentaGooseberries43', 'QQ615CPK9M1PKZATWXT0', 'magentagooseberries43@gmail.co', './images/ProfilePics/unknown_pic.jpg', '2019-06-08 08:16:01', 'user', 'public'),
(91, 'ShapelyPitanga71', 'H8DUMY38IRP908I9U1JD', 'shapelypitanga71@gmail.com', './images/ProfilePics/unknown_pic.jpg', '2019-06-08 08:16:01', 'user', 'private'),
(92, 'PunyQuince79', 'KYD045M8ZJWRATTSDQYK', 'punyquince79@gmail.com', './images/ProfilePics/unknown_pic.jpg', '2019-06-08 08:16:01', 'user', 'public'),
(93, 'CalmCucumber9', 'ZCDTAIW27QVQ3PHIAL1A', 'calmcucumber9@gmail.com', './images/ProfilePics/unknown_pic.jpg', '2019-06-08 08:16:01', 'user', 'public'),
(94, 'DrabSpider6', 'RIYVGWBKAQUEOIB69RHE', 'drabspider6@gmail.com', './images/ProfilePics/unknown_pic.jpg', '2019-06-08 08:16:01', 'user', 'public'),
(95, 'RepulsiveSnail31', 'C0V935ZRVBPRE8MIHP4S', 'repulsivesnail31@gmail.com', './images/ProfilePics/unknown_pic.jpg', '2019-06-08 08:16:01', 'user', 'public'),
(96, 'EagerCucumber69', 'CIPKLDW4IT5K1AB52K53', 'eagercucumber69@gmail.com', './images/ProfilePics/unknown_pic.jpg', '2019-06-08 08:16:01', 'user', 'public'),
(97, 'BlackShallots68', 'HM6R307PJKUPJVVD5VBG', 'blackshallots68@gmail.com', './images/ProfilePics/unknown_pic.jpg', '2019-06-08 08:16:01', 'user', 'public'),
(98, 'ScaryShallots66', '9AVZQEAU5WCPE4T1E0AL', 'scaryshallots66@gmail.com', './images/ProfilePics/unknown_pic.jpg', '2019-06-08 08:16:01', 'user', 'public'),
(99, 'StockyHippotamus53', 'FHK9VDAQW2QUFIJOG6EY', 'stockyhippotamus53@gmail.com', './images/ProfilePics/unknown_pic.jpg', '2019-06-08 08:16:01', 'user', 'public'),
(100, 'WhiteRhubarb42', 'VL2P47QPRF9MRLL1Y3JT', 'whiterhubarb42@gmail.com', './images/ProfilePics/unknown_pic.jpg', '2019-06-08 08:16:01', 'user', 'public'),
(101, 'MassiveZebra71', '7PJ6UYQA3MZ0L0GNI0H7', 'massivezebra71@gmail.com', './images/ProfilePics/unknown_pic.jpg', '2019-06-08 08:16:01', 'user', 'public'),
(102, 'HandsomeElephant70', '9YSM05E2AMVZ6GZU28MC', 'handsomeelephant70@gmail.com', './images/ProfilePics/unknown_pic.jpg', '2019-06-08 08:16:01', 'user', 'public'),
(103, 'HugeBird69', '300QGFAGNCSV44DE8VZR', 'hugebird69@gmail.com', './images/ProfilePics/unknown_pic.jpg', '2019-06-08 08:16:01', 'user', 'public'),
(104, 'NervousCoconut51', '93JP5FWDZTDHLOJYYOVA', 'nervouscoconut51@gmail.com', './images/ProfilePics/unknown_pic.jpg', '2019-06-08 08:16:01', 'user', 'public'),
(105, 'HugeAvocado24', '4M43H72C4KGLU7UM56DP', 'hugeavocado24@gmail.com', './images/ProfilePics/unknown_pic.jpg', '2019-06-08 08:16:01', 'user', 'public'),
(106, 'GrayRadicchio35', 'JU23TRWDQOTMNZP3DU3F', 'grayradicchio35@gmail.com', './images/ProfilePics/unknown_pic.jpg', '2019-06-08 08:16:01', 'user', 'public'),
(107, 'PinkBanana58', 'V8ZFALING66AZYQU8A8H', 'pinkbanana58@gmail.com', './images/ProfilePics/unknown_pic.jpg', '2019-06-08 08:16:01', 'user', 'public'),
(108, 'UnkemptLychee72', '1H4QAXAE32J3DF16U0WM', 'unkemptlychee72@gmail.com', './images/ProfilePics/unknown_pic.jpg', '2019-06-08 08:16:01', 'user', 'public'),
(109, 'TanCoconut94', '4BX3XBMWP45LJT2K8QEC', 'tancoconut94@gmail.com', './images/ProfilePics/unknown_pic.jpg', '2019-06-08 08:16:01', 'user', 'public'),
(110, 'AngryCarrot4', 'A5450O65S2T89XBS6OPW', 'angrycarrot4@gmail.com', './images/ProfilePics/unknown_pic.jpg', '2019-06-08 08:16:01', 'user', 'public'),
(111, 'DelightfulElephant74', 'QBZC7ZQFG28Y0S1I7YTT', 'delightfulelephant74@gmail.com', './images/ProfilePics/unknown_pic.jpg', '2019-06-08 08:16:01', 'user', 'public'),
(112, 'BeigeBlackberries35', 'E39MVS70G4H7OWK94169', 'beigeblackberries35@gmail.com', './images/ProfilePics/unknown_pic.jpg', '2019-06-08 08:16:01', 'user', 'public'),
(113, 'AzureApple31', 'NJQZH3J5E9Z3SYFX6P6O', 'azureapple31@gmail.com', './images/ProfilePics/unknown_pic.jpg', '2019-06-08 08:16:01', 'user', 'public'),
(114, 'TinyPlantain77', 'Z02HQOT2MZLDWQ5VDGBG', 'tinyplantain77@gmail.com', './images/ProfilePics/unknown_pic.jpg', '2019-06-08 08:16:01', 'user', 'public'),
(115, 'MagentaBear19', 'QCYGZ3QNJSG8SD719LHO', 'magentabear19@gmail.com', './images/ProfilePics/unknown_pic.jpg', '2019-06-08 08:16:01', 'user', 'public'),
(116, 'ShortPapaya79', '6H5LNZNQD0XQSKP6S2MO', 'shortpapaya79@gmail.com', './images/ProfilePics/unknown_pic.jpg', '2019-06-08 08:16:01', 'user', 'public'),
(117, 'GorgeousApple91', '1S5JM0UWU31N3DDXTDZK', 'gorgeousapple91@gmail.com', './images/ProfilePics/unknown_pic.jpg', '2019-06-08 08:16:01', 'user', 'public'),
(118, 'RubyPumpkin21', 'N3DSYQ679B49ZHN74YEV', 'rubypumpkin21@gmail.com', './images/ProfilePics/unknown_pic.jpg', '2019-06-08 08:16:01', 'user', 'public'),
(119, 'SapphireDolphin8', 'GM9194OPVJCLQ143F6X2', 'sapphiredolphin8@gmail.com', './images/ProfilePics/unknown_pic.jpg', '2019-06-08 08:16:01', 'user', 'public'),
(120, 'MaroonBird12', 'CDGV0BO3PNT8VVW5UHUP', 'maroonbird12@gmail.com', './images/ProfilePics/unknown_pic.jpg', '2019-06-08 08:16:01', 'user', 'public'),
(121, 'ThoughtlessCarrot31', '5BYT47KTZPW9FDSL66TL', 'thoughtlesscarrot31@gmail.com', './images/ProfilePics/unknown_pic.jpg', '2019-06-08 08:16:01', 'user', 'public'),
(122, 'RoseBird25', 'NRSESGIHOEO4I9WPDQIB', 'rosebird25@gmail.com', './images/ProfilePics/unknown_pic.jpg', '2019-06-08 08:16:01', 'user', 'public'),
(123, 'FaithfulTamarind74', 'NOBGSKUS3R8XO3BO4LEY', 'faithfultamarind74@gmail.com', './images/ProfilePics/unknown_pic.jpg', '2019-06-08 08:16:01', 'user', 'public'),
(124, 'LittleTangerine31', 'WBW6Q0BBG4VL1CAS6X16', 'littletangerine31@gmail.com', './images/ProfilePics/unknown_pic.jpg', '2019-06-08 08:16:01', 'user', 'public'),
(125, 'VictoriousOctopus40', 'BW9VF2LJ07MJL53JV3IP', 'victoriousoctopus40@gmail.com', './images/ProfilePics/unknown_pic.jpg', '2019-06-08 08:16:01', 'user', 'public'),
(126, 'ItchyPapaya46', 'IG5ZXP2786153WUGCI4M', 'itchypapaya46@gmail.com', './images/ProfilePics/unknown_pic.jpg', '2019-06-08 08:16:01', 'user', 'public'),
(127, 'PanickyBlueBerries32', '1KWTTVSTDFVCSNQ8EOOO', 'panickyblueberries32@gmail.com', './images/ProfilePics/unknown_pic.jpg', '2019-06-08 08:16:01', 'user', 'public'),
(128, 'ElegantSorrel0', 'MNBY0SCJ01SRLV0LMXIV', 'elegantsorrel0@gmail.com', './images/ProfilePics/unknown_pic.jpg', '2019-06-08 08:16:01', 'user', 'public'),
(129, 'ColossalOrange69', '7TBKCB9N77RTO5CEHO3D', 'colossalorange69@gmail.com', './images/ProfilePics/unknown_pic.jpg', '2019-06-08 08:16:01', 'user', 'public'),
(130, 'PitifulCassava84', 'L7KMJPYTGNIC4M689KK9', 'pitifulcassava84@gmail.com', './images/ProfilePics/unknown_pic.jpg', '2019-06-08 08:16:01', 'user', 'public'),
(131, 'BaldBanana98', 'LM92DKQT0V7W17GOVA6S', 'baldbanana98@gmail.com', './images/ProfilePics/unknown_pic.jpg', '2019-06-08 08:16:01', 'user', 'public'),
(132, 'BrownLime62', '8ONJ5U47TTPX9OMGIQ95', 'brownlime62@gmail.com', './images/ProfilePics/unknown_pic.jpg', '2019-06-08 08:16:01', 'user', 'public'),
(133, 'GreenPrunes89', 'UR2SXMVTBWMIEU0UOWTB', 'greenprunes89@gmail.com', './images/ProfilePics/unknown_pic.jpg', '2019-06-08 08:16:01', 'user', 'public'),
(134, 'PurpleDog13', '0FYL7JW3GPB3HZ14PBGO', 'purpledog13@gmail.com', './images/ProfilePics/unknown_pic.jpg', '2019-06-08 08:16:01', 'user', 'public'),
(135, 'UptightPlums30', 'N2HQQ1IV71D46RXRMXLW', 'uptightplums30@gmail.com', './images/ProfilePics/unknown_pic.jpg', '2019-06-08 08:16:01', 'user', 'public'),
(136, 'IndigoCheetah96', '89ZGQFLNIFCXKFZNRP7N', 'indigocheetah96@gmail.com', './images/ProfilePics/unknown_pic.jpg', '2019-06-08 08:16:01', 'user', 'public'),
(137, 'BlueTomatillo89', '91KDO9LVCG6HH3JQHP2Q', 'bluetomatillo89@gmail.com', './images/ProfilePics/unknown_pic.jpg', '2019-06-08 08:16:01', 'user', 'public'),
(138, 'AmbitiousPumpkin41', 'MTJL0VQIBKUFP6JVWIE2', 'ambitiouspumpkin41@gmail.com', './images/ProfilePics/unknown_pic.jpg', '2019-06-08 08:16:01', 'user', 'public'),
(139, 'ThoughtlessJackfruit37', 'F9EYVBPWV4ZP5BDO10W7', 'thoughtlessjackfruit37@gmail.c', './images/ProfilePics/unknown_pic.jpg', '2019-06-08 08:16:01', 'user', 'public'),
(140, 'LivelyCrocodile59', '8HTQFSM22YKW7FE6OT4V', 'livelycrocodile59@gmail.com', './images/ProfilePics/unknown_pic.jpg', '2019-06-08 08:16:01', 'user', 'public'),
(141, 'PanickyRadishes54', 'JB9TLZMNQ7PA4BYY2KLC', 'panickyradishes54@gmail.com', './images/ProfilePics/unknown_pic.jpg', '2019-06-08 08:16:01', 'user', 'public'),
(142, 'BronzeCrookneck85', 'U12SZ5BRS2K0S8QT5A6B', 'bronzecrookneck85@gmail.com', './images/ProfilePics/unknown_pic.jpg', '2019-06-08 08:16:01', 'user', 'public'),
(143, 'BrownApricots14', 'DQ89PENDCBML4XFI9AAW', 'brownapricots14@gmail.com', './images/ProfilePics/unknown_pic.jpg', '2019-06-08 08:16:01', 'user', 'public'),
(144, 'BigSoursop76', 'USOJ50H8RA2PKZ54D6LW', 'bigsoursop76@gmail.com', './images/ProfilePics/unknown_pic.jpg', '2019-06-08 08:16:01', 'user', 'public'),
(145, 'StockyHamster34', 'KH8C1W07JWTVF5M3LOAO', 'stockyhamster34@gmail.com', './images/ProfilePics/unknown_pic.jpg', '2019-06-08 08:16:01', 'user', 'public'),
(146, 'RosePeaches64', 'HWTQU4OEAXV7XHGA7VLZ', 'rosepeaches64@gmail.com', './images/ProfilePics/unknown_pic.jpg', '2019-06-08 08:16:01', 'user', 'public'),
(147, 'PlainCauliFlower23', 'VWL3RZ31D22W0OMTUO2C', 'plaincauliflower23@gmail.com', './images/ProfilePics/unknown_pic.jpg', '2019-06-08 08:16:01', 'user', 'public'),
(148, 'MiniatureChicken40', 'JVN2DWNCSFUM3RGO0Y4X', 'miniaturechicken40@gmail.com', './images/ProfilePics/unknown_pic.jpg', '2019-06-08 08:16:01', 'user', 'public'),
(149, 'StockyCow11', 'JOBSUNSFS955WQE6IWJ4', 'stockycow11@gmail.com', './images/ProfilePics/unknown_pic.jpg', '2019-06-08 08:16:01', 'user', 'public'),
(150, 'GrumpyDeer48', 'M79T4JU3JYU7JFSKO0R0', 'grumpydeer48@gmail.com', './images/ProfilePics/unknown_pic.jpg', '2019-06-08 08:16:01', 'user', 'public'),
(151, 'ObnoxiousMushrooms83', 'UN2M5LV6VLMY6MJC80DF', 'obnoxiousmushrooms83@gmail.com', './images/ProfilePics/unknown_pic.jpg', '2019-06-08 08:16:01', 'user', 'public'),
(152, 'StockyKangaroo72', 'WB4XYBCHUCFA5PAFJH6P', 'stockykangaroo72@gmail.com', './images/ProfilePics/unknown_pic.jpg', '2019-06-08 08:16:01', 'user', 'public'),
(153, 'ElegantSpider89', '04FO1KPRY7J3X8NQX29B', 'elegantspider89@gmail.com', './images/ProfilePics/unknown_pic.jpg', '2019-06-08 08:16:01', 'user', 'public'),
(154, 'SillyEggplant75', 'HJ48HM4XFKLZW19TJZD2', 'sillyeggplant75@gmail.com', './images/ProfilePics/unknown_pic.jpg', '2019-06-08 08:16:01', 'user', 'public'),
(155, 'SapphireShallots15', 'JF0E4NPIOKWJ7TPER53U', 'sapphireshallots15@gmail.com', './images/ProfilePics/unknown_pic.jpg', '2019-06-08 08:16:01', 'user', 'public'),
(156, 'HappyRutabaga54', '2ME9RW90Y5MMATF44IJ3', 'happyrutabaga54@gmail.com', './images/ProfilePics/unknown_pic.jpg', '2019-06-08 08:16:01', 'user', 'public'),
(157, 'JadeTomato22', '5HX7VPYL2EOVKYINQJ5I', 'jadetomato22@gmail.com', './images/ProfilePics/unknown_pic.jpg', '2019-06-08 08:16:01', 'user', 'public'),
(158, 'LittleFrog51', 'ONY4WSS74BHMM8M1KBHV', 'littlefrog51@gmail.com', './images/ProfilePics/unknown_pic.jpg', '2019-06-08 08:16:01', 'user', 'public'),
(159, 'ChocolateSorrel75', '2PLH4R7T4VBSHRS6Q5H6', 'chocolatesorrel75@gmail.com', './images/ProfilePics/unknown_pic.jpg', '2019-06-08 08:16:01', 'user', 'public'),
(160, 'AgreeableFox66', 'UNDE3AQQCKL0J0186SE3', 'agreeablefox66@gmail.com', './images/ProfilePics/unknown_pic.jpg', '2019-06-08 08:16:01', 'user', 'public'),
(161, 'AttractiveCantaloupe21', 'GZ2Z3F5WDZV71YKHFWS0', 'attractivecantaloupe21@gmail.c', './images/ProfilePics/unknown_pic.jpg', '2019-06-08 08:16:01', 'user', 'public'),
(162, 'ChocolateKale42', 'XWA7JWMBNFE6PWNQJH8K', 'chocolatekale42@gmail.com', './images/ProfilePics/unknown_pic.jpg', '2019-06-08 08:16:01', 'user', 'public'),
(163, 'VioletOrange72', 'P74S9N8EWD6NBS80E9ER', 'violetorange72@gmail.com', './images/ProfilePics/unknown_pic.jpg', '2019-06-08 08:16:01', 'user', 'private'),
(164, 'MaroonLobster20', 'E0LRF5JN4FZSJUPJSLT1', 'maroonlobster20@gmail.com', './images/ProfilePics/unknown_pic.jpg', '2019-06-08 08:16:01', 'user', 'public'),
(165, 'SmallOnion72', 'RMBUSXM38QJOTS10S6GU', 'smallonion72@gmail.com', './images/ProfilePics/unknown_pic.jpg', '2019-06-08 08:16:01', 'user', 'public'),
(166, 'LittleSalsify54', 'V7SK2XX5NXL835QC6JHC', 'littlesalsify54@gmail.com', './images/ProfilePics/unknown_pic.jpg', '2019-06-08 08:16:01', 'user', 'public'),
(167, 'LittleBroccoli54', 'R9WBT95MU4FVVJ8VN5WW', 'littlebroccoli54@gmail.com', './images/ProfilePics/unknown_pic.jpg', '2019-06-08 08:16:01', 'user', 'private'),
(168, 'SapphireCauliFlower35', 'QX79O3TMHPWW73RH114Z', 'sapphirecauliflower35@gmail.co', './images/ProfilePics/unknown_pic.jpg', '2019-06-08 08:16:01', 'user', 'public'),
(169, 'TinyTomatillo22', 'OE9KIWKH73KHDZ8BTBS3', 'tinytomatillo22@gmail.com', './images/ProfilePics/unknown_pic.jpg', '2019-06-08 08:16:01', 'user', 'public'),
(170, 'PetiteZucchini36', '61WNRLSECGT7ZD4PSHEL', 'petitezucchini36@gmail.com', './images/ProfilePics/unknown_pic.jpg', '2019-06-08 08:16:01', 'user', 'public'),
(171, 'FitAnt81', 'CW3DYLJVF589HDWJKEPD', 'fitant81@gmail.com', './images/ProfilePics/unknown_pic.jpg', '2019-06-08 08:16:01', 'user', 'public'),
(172, 'SillyAvocado2', 'S6PQ06KJX01P6BARM1HH', 'sillyavocado2@gmail.com', './images/ProfilePics/unknown_pic.jpg', '2019-06-08 08:16:01', 'user', 'public'),
(173, 'AzureCamel23', 'V3YFDUH42S4YS3FD69ZO', 'azurecamel23@gmail.com', './images/ProfilePics/unknown_pic.jpg', '2019-06-08 08:16:01', 'user', 'public'),
(174, 'SmallLobster31', 'G7U2E9ZO9N5D11OZS5OZ', 'smalllobster31@gmail.com', './images/ProfilePics/unknown_pic.jpg', '2019-06-08 08:16:01', 'user', 'public'),
(175, 'GrumpyWatermelon13', 'BH5F8JKCASIS3GTCF9CT', 'grumpywatermelon13@gmail.com', './images/ProfilePics/unknown_pic.jpg', '2019-06-08 08:16:01', 'user', 'public'),
(176, 'ShapelyDolphin35', 'EON4XGZRO0INTJ0KGN65', 'shapelydolphin35@gmail.com', './images/ProfilePics/unknown_pic.jpg', '2019-06-08 08:16:01', 'user', 'public'),
(177, 'RepulsiveGooseberries33', 'F1TLTIRP5TK60K4ZT0GX', 'repulsivegooseberries33@gmail.', './images/ProfilePics/unknown_pic.jpg', '2019-06-08 08:16:01', 'user', 'public'),
(178, 'BeautifulFennel90', 'XJZOKP7TPGQQYRHUU2UT', 'beautifulfennel90@gmail.com', './images/ProfilePics/unknown_pic.jpg', '2019-06-08 08:16:01', 'user', 'public'),
(179, 'HandsomeFish55', 'ON2JA84DKS9E7ZJVAAXY', 'handsomefish55@gmail.com', './images/ProfilePics/unknown_pic.jpg', '2019-06-08 08:16:01', 'user', 'public'),
(180, 'ProudPeaches82', '2AQ4XG6M617VXC6A9055', 'proudpeaches82@gmail.com', './images/ProfilePics/unknown_pic.jpg', '2019-06-08 08:16:01', 'user', 'public'),
(181, 'BeigeBird72', 'CRSFQEXRYTO8PAZRTHA4', 'beigebird72@gmail.com', './images/ProfilePics/unknown_pic.jpg', '2019-06-08 08:16:01', 'user', 'public'),
(182, 'ProudArrowroot18', 'A232MKRF2IKOV3D5VW4N', 'proudarrowroot18@gmail.com', './images/ProfilePics/unknown_pic.jpg', '2019-06-08 08:16:01', 'user', 'public'),
(183, 'MiniatureHamster7', 'HFA2RXNNUVIDYP60C8WL', 'miniaturehamster7@gmail.com', './images/ProfilePics/unknown_pic.jpg', '2019-06-08 08:16:01', 'user', 'public'),
(184, 'BewilderedZebra91', 'EESZW9MSIE5EHF2WE21U', 'bewilderedzebra91@gmail.com', './images/ProfilePics/unknown_pic.jpg', '2019-06-08 08:16:01', 'user', 'public'),
(185, 'ChocolateLoquat16', '4181IZSVU21N6AFCANRG', 'chocolateloquat16@gmail.com', './images/ProfilePics/unknown_pic.jpg', '2019-06-08 08:16:01', 'user', 'public'),
(186, 'PlainRat91', 'BXF6W3WIF10E9EOCG61O', 'plainrat91@gmail.com', './images/ProfilePics/unknown_pic.jpg', '2019-06-08 08:16:01', 'user', 'public'),
(187, 'AmberGrapes24', 'QSAXT3ZGZN8E3OEA322G', 'ambergrapes24@gmail.com', './images/ProfilePics/unknown_pic.jpg', '2019-06-08 08:16:01', 'user', 'public'),
(188, 'ShortDuck67', 'US4UR5G2QP3P6VZEP9TC', 'shortduck67@gmail.com', './images/ProfilePics/unknown_pic.jpg', '2019-06-08 08:16:01', 'user', 'public'),
(189, 'FlabbyDeer61', '934ELXFKLFSK9FIPDB49', 'flabbydeer61@gmail.com', './images/ProfilePics/unknown_pic.jpg', '2019-06-08 08:16:01', 'user', 'public'),
(190, 'ColossalBlueBerries69', 'CVSR6BB4W99D3WMB5VAF', 'colossalblueberries69@gmail.co', './images/ProfilePics/unknown_pic.jpg', '2019-06-08 08:16:01', 'user', 'public'),
(191, 'ObedientGuava11', 'LYLNHBDLZX6S8ROHO1XC', 'obedientguava11@gmail.com', './images/ProfilePics/unknown_pic.jpg', '2019-06-08 08:16:01', 'user', 'public'),
(192, 'ProudGoat2', '7FOVWTVXUEFOMPQW7G5C', 'proudgoat2@gmail.com', './images/ProfilePics/unknown_pic.jpg', '2019-06-08 08:16:01', 'user', 'public'),
(193, 'PetiteTurtle80', 'X8RMN5LSDAJE59JTCLGV', 'petiteturtle80@gmail.com', './images/ProfilePics/unknown_pic.jpg', '2019-06-08 08:16:01', 'user', 'public'),
(194, 'LazyCarambola38', 'H3OZHUC5NGIKYGQ7OY2R', 'lazycarambola38@gmail.com', './images/ProfilePics/unknown_pic.jpg', '2019-06-08 08:16:01', 'user', 'public'),
(195, 'TurquoiseRabbit71', '2L74Q7QFCGM5ZXY1Q1Y3', 'turquoiserabbit71@gmail.com', './images/ProfilePics/unknown_pic.jpg', '2019-06-08 08:16:01', 'user', 'public'),
(196, 'AmberRabbit4', 'KINFO4FKPW4812KZW4PY', 'amberrabbit4@gmail.com', './images/ProfilePics/unknown_pic.jpg', '2019-06-08 08:16:01', 'user', 'public'),
(197, 'BewilderedRaspberries26', '00VOIRKM4VKEB5Z1DQD1', 'bewilderedraspberries26@gmail.', './images/ProfilePics/unknown_pic.jpg', '2019-06-08 08:16:01', 'user', 'public'),
(198, 'BaldKumquat3', '6O14XBFKJJ46VZ6URPND', 'baldkumquat3@gmail.com', './images/ProfilePics/unknown_pic.jpg', '2019-06-08 08:16:01', 'user', 'public'),
(199, 'BraveMandarin3', 'V3ZE6B26PXTF3Z7OEPL7', 'bravemandarin3@gmail.com', './images/ProfilePics/unknown_pic.jpg', '2019-06-08 08:16:01', 'user', 'public'),
(200, 'MuscularHippotamus86', 'G0E832X2S1J4MIR9GYLY', 'muscularhippotamus86@gmail.com', './images/ProfilePics/unknown_pic.jpg', '2019-06-08 08:16:01', 'user', 'public'),
(201, 'VioletBlackberries50', 'F8LCQWEC4ENADZ8HZCJP', 'violetblackberries50@gmail.com', './images/ProfilePics/unknown_pic.jpg', '2019-06-08 08:16:01', 'user', 'public'),
(202, 'ObnoxiousSorrel91', 'N663KDBV90KUZCEWG6E0', 'obnoxioussorrel91@gmail.com', './images/ProfilePics/unknown_pic.jpg', '2019-06-08 08:16:01', 'user', 'public'),
(203, 'NervousZucchini73', 'A5OHCF13FRGBAQ7DE74D', 'nervouszucchini73@gmail.com', './images/ProfilePics/unknown_pic.jpg', '2019-06-08 08:16:01', 'user', 'public'),
(204, 'ProudPlums38', 'JXPZYOBYBUKWTCYOR05A', 'proudplums38@gmail.com', './images/ProfilePics/unknown_pic.jpg', '2019-06-08 08:16:01', 'user', 'public'),
(205, 'ElegantPeaches28', 'EIDTM4VU2DGA3C1RM174', 'elegantpeaches28@gmail.com', './images/ProfilePics/unknown_pic.jpg', '2019-06-08 08:16:01', 'user', 'public'),
(206, 'ElegantHamster7', '89ND8O9XG2SLS6SE816X', 'eleganthamster7@gmail.com', './images/ProfilePics/unknown_pic.jpg', '2019-06-08 08:16:01', 'user', 'public'),
(207, 'ShortBear44', '2CE4RC0MS17VS5RJG9VW', 'shortbear44@gmail.com', './images/ProfilePics/unknown_pic.jpg', '2019-06-08 08:16:01', 'user', 'public'),
(208, 'RepulsiveLettuce16', '2E1Q6IJAL1I00AJ83ZGL', 'repulsivelettuce16@gmail.com', './images/ProfilePics/unknown_pic.jpg', '2019-06-08 08:16:01', 'user', 'public'),
(209, 'ProudLoquat93', 'A1U7VM84QFVYVKXE2PWT', 'proudloquat93@gmail.com', './images/ProfilePics/unknown_pic.jpg', '2019-06-08 08:16:01', 'user', 'public'),
(210, 'HelplessSnake77', '9BIUE4JDGVY24SFCHDZW', 'helplesssnake77@gmail.com', './images/ProfilePics/unknown_pic.jpg', '2019-06-08 08:16:01', 'user', 'public'),
(211, 'MaroonFigs62', 'PDFRUQ8KDC1AQRI6BT00', 'maroonfigs62@gmail.com', './images/ProfilePics/unknown_pic.jpg', '2019-06-08 08:16:01', 'user', 'public'),
(212, 'VictoriousApple73', '3VQBSEQZPYL9USXT8ZCU', 'victoriousapple73@gmail.com', './images/ProfilePics/unknown_pic.jpg', '2019-06-08 08:16:01', 'user', 'public'),
(213, 'UptightSalsify52', '70W8UDRT962N5ZJ3BNJK', 'uptightsalsify52@gmail.com', './images/ProfilePics/unknown_pic.jpg', '2019-06-08 08:16:01', 'user', 'public'),
(214, 'ThoughtlessCherries1', 'TCVWA9DBVNJMSISY4OWZ', 'thoughtlesscherries1@gmail.com', './images/ProfilePics/unknown_pic.jpg', '2019-06-08 08:16:01', 'user', 'public'),
(215, 'BrownDurian90', 'NWF2DJC0CR45N445TM9X', 'browndurian90@gmail.com', './images/ProfilePics/unknown_pic.jpg', '2019-06-08 08:16:01', 'user', 'public'),
(216, 'ObnoxiousTurtle3', 'CGJBWX3G8AZNTPC8FORG', 'obnoxiousturtle3@gmail.com', './images/ProfilePics/unknown_pic.jpg', '2019-06-08 08:16:01', 'user', 'public'),
(217, 'LargeSalsify8', 'B6W9SYZZCYE9HFGL23SG', 'largesalsify8@gmail.com', './images/ProfilePics/unknown_pic.jpg', '2019-06-08 08:16:01', 'user', 'public'),
(218, 'GreenFeijoa38', 'A1D494ENMGLOV2FL8DXA', 'greenfeijoa38@gmail.com', './images/ProfilePics/unknown_pic.jpg', '2019-06-08 08:16:01', 'user', 'public'),
(219, 'PlumpDaikon84', 'SKXGEH6M7AE12DNZEZXC', 'plumpdaikon84@gmail.com', './images/ProfilePics/unknown_pic.jpg', '2019-06-08 08:16:01', 'user', 'public'),
(220, 'PanickyPepper20', 'HQRZ98P3LAKOLKAUQZQY', 'panickypepper20@gmail.com', './images/ProfilePics/unknown_pic.jpg', '2019-06-08 08:16:01', 'user', 'public'),
(221, 'ItchyCow57', 'DUNNP1S9AOFOPWPTLYPO', 'itchycow57@gmail.com', './images/ProfilePics/unknown_pic.jpg', '2019-06-08 08:16:01', 'user', 'public'),
(222, 'TealRadishes81', 'YOBYYSYULFMZAHCWZ0CB', 'tealradishes81@gmail.com', './images/ProfilePics/unknown_pic.jpg', '2019-06-08 08:16:01', 'user', 'public'),
(223, 'NervousZucchini64', 'YGMEZESCJZMOUQ4V31N0', 'nervouszucchini64@gmail.com', './images/ProfilePics/unknown_pic.jpg', '2019-06-08 08:16:01', 'user', 'public'),
(224, 'BewilderedCow70', 'Y2ZFXHHX4YDY6Q64E8N4', 'bewilderedcow70@gmail.com', './images/ProfilePics/unknown_pic.jpg', '2019-06-08 08:16:01', 'user', 'public'),
(225, 'BraveFeijoa78', '10BV2DWXIMUWVA9NXZM0', 'bravefeijoa78@gmail.com', './images/ProfilePics/unknown_pic.jpg', '2019-06-08 08:16:01', 'user', 'public'),
(226, 'LazySnake0', 'AB4MJIN03ABZUEUNK8V1', 'lazysnake0@gmail.com', './images/ProfilePics/unknown_pic.jpg', '2019-06-08 08:16:01', 'user', 'public'),
(227, 'ChubbyCoconut76', '8A5OSSLBBGILVKXLW6WP', 'chubbycoconut76@gmail.com', './images/ProfilePics/unknown_pic.jpg', '2019-06-08 08:16:01', 'user', 'public'),
(228, 'ScrawnyElephant29', '8I2HRRTILABBA9CERULP', 'scrawnyelephant29@gmail.com', './images/ProfilePics/unknown_pic.jpg', '2019-06-08 08:16:01', 'user', 'public'),
(229, 'TealCucumber24', 'FRRPK2TGS86JKFUXQTX5', 'tealcucumber24@gmail.com', './images/ProfilePics/unknown_pic.jpg', '2019-06-08 08:16:01', 'user', 'public'),
(230, 'GraySnail1', '0HFNWJZO9U7BUNZEIHUU', 'graysnail1@gmail.com', './images/ProfilePics/unknown_pic.jpg', '2019-06-08 08:16:01', 'user', 'public'),
(231, 'ScrawnyLion33', 'NJVS395G96CHMS522DUE', 'scrawnylion33@gmail.com', './images/ProfilePics/unknown_pic.jpg', '2019-06-08 08:16:01', 'user', 'public'),
(232, 'FitKale32', 'BS0IHC5O0AF0T44I0JSG', 'fitkale32@gmail.com', './images/ProfilePics/unknown_pic.jpg', '2019-06-08 08:16:01', 'user', 'public'),
(233, 'ItchyFly45', 'VP9R1NQYBWALMA59GRHF', 'itchyfly45@gmail.com', './images/ProfilePics/unknown_pic.jpg', '2019-06-08 08:16:01', 'user', 'public'),
(234, 'RoseScorpion58', 'WMUJYST6HA9J0VNC6QLF', 'rosescorpion58@gmail.com', './images/ProfilePics/unknown_pic.jpg', '2019-06-08 08:16:01', 'user', 'public'),
(235, 'EmbarrassedScorpion78', 'B9VDE1NSC4A0GJ5T6K4N', 'embarrassedscorpion78@gmail.co', './images/ProfilePics/unknown_pic.jpg', '2019-06-08 08:16:01', 'user', 'public'),
(236, 'StockyCrookneck60', 'I2VCJDK8WQWDTGYUEJJG', 'stockycrookneck60@gmail.com', './images/ProfilePics/unknown_pic.jpg', '2019-06-08 08:16:01', 'user', 'public'),
(237, 'EmbarrassedCrookneck16', 'AP3L2E5TBRQXF808U7DA', 'embarrassedcrookneck16@gmail.c', './images/ProfilePics/unknown_pic.jpg', '2019-06-08 08:16:01', 'user', 'public'),
(238, 'AttractiveDuck65', '4N3LLR0SRYYLSQ18HMA9', 'attractiveduck65@gmail.com', './images/ProfilePics/unknown_pic.jpg', '2019-06-08 08:16:01', 'user', 'public'),
(239, 'SmallSquash8', 'QWQFWTYED67N66M3POJ8', 'smallsquash8@gmail.com', './images/ProfilePics/unknown_pic.jpg', '2019-06-08 08:16:01', 'user', 'public'),
(240, 'TealCat46', 'TOJP2QTVKU0HLZ74558Z', 'tealcat46@gmail.com', './images/ProfilePics/unknown_pic.jpg', '2019-06-08 08:16:01', 'user', 'public'),
(241, 'RedPummelo31', 'AUHN0JKKKA4YKRAX174S', 'redpummelo31@gmail.com', './images/ProfilePics/unknown_pic.jpg', '2019-06-08 08:16:01', 'user', 'public'),
(242, 'ShapelyJicma22', 'TS7VPSJ4I1C2AEF554G5', 'shapelyjicma22@gmail.com', './images/ProfilePics/unknown_pic.jpg', '2019-06-08 08:16:01', 'user', 'public'),
(243, 'BlackGrapefruit7', 'DDR2HJ24MPJPC4P3CH1V', 'blackgrapefruit7@gmail.com', './images/ProfilePics/unknown_pic.jpg', '2019-06-08 08:16:01', 'user', 'public'),
(244, 'StockyWatermelon9', 'CKYWBA265ZY6BM94RWSM', 'stockywatermelon9@gmail.com', './images/ProfilePics/unknown_pic.jpg', '2019-06-08 08:16:01', 'user', 'public'),
(245, 'ScaryFrog24', 'MH1X76EPYPZTU5ARPHWN', 'scaryfrog24@gmail.com', './images/ProfilePics/unknown_pic.jpg', '2019-06-08 08:16:01', 'user', 'public'),
(246, 'BeigeSorrel20', 'DUIPVCOZ2ZTJGGW3PX05', 'beigesorrel20@gmail.com', './images/ProfilePics/unknown_pic.jpg', '2019-06-08 08:16:01', 'user', 'public'),
(247, 'BronzeLoquat87', 'EOA93GKZBJM2I2O0PSCA', 'bronzeloquat87@gmail.com', './images/ProfilePics/unknown_pic.jpg', '2019-06-08 08:16:01', 'user', 'public'),
(248, 'ImmenseLobster85', 'EWTII3JRISZYS9ZEIGMZ', 'immenselobster85@gmail.com', './images/ProfilePics/unknown_pic.jpg', '2019-06-08 08:16:01', 'user', 'private'),
(249, 'ScaryPapaya11', 'QCGDRRUSL3SLJ4RUBL1A', 'scarypapaya11@gmail.com', './images/ProfilePics/unknown_pic.jpg', '2019-06-08 08:16:01', 'user', 'public'),
(250, 'PoliteQuince41', '9ZA4TZT499V9UEK3WRKC', 'politequince41@gmail.com', './images/ProfilePics/unknown_pic.jpg', '2019-06-08 08:16:01', 'user', 'public'),
(251, 'ZealousBeets25', '1NAU9JMZCQIKQNXUDOVE', 'zealousbeets25@gmail.com', './images/ProfilePics/unknown_pic.jpg', '2019-06-08 08:16:01', 'user', 'public'),
(252, 'ThoughtlessZebra94', 'CMNPEO2ANKZ2JF4L0EUL', 'thoughtlesszebra94@gmail.com', './images/ProfilePics/unknown_pic.jpg', '2019-06-08 08:16:01', 'user', 'public'),
(253, 'ElegantKiwifruit94', 'FGQX372E9XJO7O9ZBHNA', 'elegantkiwifruit94@gmail.com', './images/ProfilePics/unknown_pic.jpg', '2019-06-08 08:16:01', 'user', 'public'),
(254, 'FlabbyChicken43', '2Q0LVWJS2DMIV5PXIJRR', 'flabbychicken43@gmail.com', './images/ProfilePics/unknown_pic.jpg', '2019-06-08 08:16:01', 'user', 'public'),
(255, 'HandsomeBlackberries56', 'VHV5KEPH6QIY4M6CB663', 'handsomeblackberries56@gmail.c', './images/ProfilePics/unknown_pic.jpg', '2019-06-08 08:16:01', 'user', 'public'),
(256, 'GrayTurnip89', '0E17G0QX7VRGA89845H0', 'grayturnip89@gmail.com', './images/ProfilePics/unknown_pic.jpg', '2019-06-08 08:16:01', 'user', 'public'),
(257, 'BlackPeas25', 'PXVXDH5WVWC0EFFEM9EF', 'blackpeas25@gmail.com', './images/ProfilePics/unknown_pic.jpg', '2019-06-08 08:16:01', 'user', 'public'),
(258, 'IndigoCranverries56', 'BN4KV5NPCW4THWU3S4GP', 'indigocranverries56@gmail.com', './images/ProfilePics/unknown_pic.jpg', '2019-06-08 08:16:01', 'user', 'public'),
(259, 'PunySoursop61', 'FWFLCT90LZI8MSM7SHUW', 'punysoursop61@gmail.com', './images/ProfilePics/unknown_pic.jpg', '2019-06-08 08:16:01', 'user', 'public'),
(260, 'SillyRat48', 'DV5I577QJK67ZXQXVN24', 'sillyrat48@gmail.com', './images/ProfilePics/unknown_pic.jpg', '2019-06-08 08:16:01', 'user', 'public'),
(261, 'TallDurian31', 'LBL0Y46TSK3H1HR5JOGM', 'talldurian31@gmail.com', './images/ProfilePics/unknown_pic.jpg', '2019-06-08 08:16:01', 'user', 'public'),
(262, 'TinyApricots15', '5W01PT0Z7QI3BDKC5AP0', 'tinyapricots15@gmail.com', './images/ProfilePics/unknown_pic.jpg', '2019-06-08 08:16:01', 'user', 'public'),
(263, 'BewilderedJackfruit9', 'CIQFTH9R7M1OX6TZBMLC', 'bewilderedjackfruit9@gmail.com', './images/ProfilePics/unknown_pic.jpg', '2019-06-08 08:16:01', 'user', 'public'),
(264, 'JadeTiger48', 'Y6M4V83HFQGJA9QECKR9', 'jadetiger48@gmail.com', './images/ProfilePics/unknown_pic.jpg', '2019-06-08 08:16:01', 'user', 'public'),
(265, 'UptightApple30', 'WAC9UK4BODJPPD8MDI78', 'uptightapple30@gmail.com', './images/ProfilePics/unknown_pic.jpg', '2019-06-08 08:16:01', 'user', 'public'),
(266, 'GrumpyLoquat38', '7CLEOS5VGZDPT8S44Z80', 'grumpyloquat38@gmail.com', './images/ProfilePics/unknown_pic.jpg', '2019-06-08 08:16:01', 'user', 'public'),
(267, 'MiniatureWatercress4', '3ZHZWP54NYNIDA65DXFJ', 'miniaturewatercress4@gmail.com', './images/ProfilePics/unknown_pic.jpg', '2019-06-08 08:16:01', 'user', 'public'),
(268, 'HugeCamel74', 'IG83JFEAC2DLIBZ4Y187', 'hugecamel74@gmail.com', './images/ProfilePics/unknown_pic.jpg', '2019-06-08 08:16:01', 'user', 'public'),
(269, 'PitifulTomato27', 'XOK90S7LGP2G4KE0014V', 'pitifultomato27@gmail.com', './images/ProfilePics/unknown_pic.jpg', '2019-06-08 08:16:01', 'user', 'public'),
(270, 'ImmenseHippotamus26', 'YOR401YF5SCK8LWTSG2M', 'immensehippotamus26@gmail.com', './images/ProfilePics/unknown_pic.jpg', '2019-06-08 08:16:01', 'user', 'public'),
(271, 'PinkBreadfruit12', '3D345JSVCBD1U51LIE0D', 'pinkbreadfruit12@gmail.com', './images/ProfilePics/unknown_pic.jpg', '2019-06-08 08:16:01', 'user', 'public'),
(272, 'StockySquirrel81', 'I6IILEA21V86KRBH4PL2', 'stockysquirrel81@gmail.com', './images/ProfilePics/unknown_pic.jpg', '2019-06-08 08:16:01', 'user', 'public'),
(273, 'BronzeRutabaga41', 'V302QYSLKMMQX3YE6L7E', 'bronzerutabaga41@gmail.com', './images/ProfilePics/unknown_pic.jpg', '2019-06-08 08:16:01', 'user', 'public'),
(274, 'PurpleWolf9', '4MGY883DAJLBC2OMHVWI', 'purplewolf9@gmail.com', './images/ProfilePics/unknown_pic.jpg', '2019-06-08 08:16:01', 'user', 'public'),
(275, 'IndigoRat88', 'BTHO9IWZPG0Y6VZU5719', 'indigorat88@gmail.com', './images/ProfilePics/unknown_pic.jpg', '2019-06-08 08:16:01', 'user', 'public'),
(276, 'ShapelyPineapple2', 'H4XQLZXFGXMIRZCZZL9I', 'shapelypineapple2@gmail.com', './images/ProfilePics/unknown_pic.jpg', '2019-06-08 08:16:01', 'user', 'public'),
(277, 'SilverPomegrante46', '3YS0VWZTYEFVIUF6DNHY', 'silverpomegrante46@gmail.com', './images/ProfilePics/unknown_pic.jpg', '2019-06-08 08:16:01', 'user', 'public'),
(278, 'MagentaTiger83', 'TBS39HBL3PRHWX8EC1D9', 'magentatiger83@gmail.com', './images/ProfilePics/unknown_pic.jpg', '2019-06-08 08:16:01', 'user', 'public'),
(279, 'GreenCarrot16', '8QGTYBRXAL45EAE146CE', 'greencarrot16@gmail.com', './images/ProfilePics/unknown_pic.jpg', '2019-06-08 08:16:01', 'user', 'public'),
(280, 'BluePummelo56', 'OU7O30I229X8T3IEBVMB', 'bluepummelo56@gmail.com', './images/ProfilePics/unknown_pic.jpg', '2019-06-08 08:16:01', 'user', 'public'),
(281, 'CalmPlantain44', '8QOLFQ3XLOI2C9ZDV1D7', 'calmplantain44@gmail.com', './images/ProfilePics/unknown_pic.jpg', '2019-06-08 08:16:01', 'user', 'public'),
(282, 'AngryPepper43', '1ZPZA07WLVAIRL0OYFA5', 'angrypepper43@gmail.com', './images/ProfilePics/unknown_pic.jpg', '2019-06-08 08:16:01', 'user', 'public'),
(283, 'VictoriousGrapes75', 'W0JMJVX9PDKQRBU6KSK3', 'victoriousgrapes75@gmail.com', './images/ProfilePics/unknown_pic.jpg', '2019-06-08 08:16:01', 'user', 'public'),
(284, 'OliveZucchini4', 'GODQE7MX08LTW56B9U8J', 'olivezucchini4@gmail.com', './images/ProfilePics/unknown_pic.jpg', '2019-06-08 08:16:01', 'user', 'private'),
(285, 'SapphireKohlrabi86', '7V98HTZCOWCX2J7PM6JO', 'sapphirekohlrabi86@gmail.com', './images/ProfilePics/unknown_pic.jpg', '2019-06-08 08:16:01', 'user', 'public'),
(286, 'MysteriousBear49', 'NTMTUXBOJMZW0MAO5YRZ', 'mysteriousbear49@gmail.com', './images/ProfilePics/unknown_pic.jpg', '2019-06-08 08:16:01', 'user', 'public'),
(287, 'TeenyBanana2', '1S7FUDCVOV2CQB08ICT3', 'teenybanana2@gmail.com', './images/ProfilePics/unknown_pic.jpg', '2019-06-08 08:16:01', 'user', 'private'),
(288, 'SkinnyGrapes40', '4BN6EIQOLU8PAOJ8I18Q', 'skinnygrapes40@gmail.com', './images/ProfilePics/unknown_pic.jpg', '2019-06-08 08:16:01', 'user', 'public'),
(289, 'SilverSquirrel92', 'AK2VVFO53UL9W2JAPA10', 'silversquirrel92@gmail.com', './images/ProfilePics/unknown_pic.jpg', '2019-06-08 08:16:01', 'user', 'public'),
(290, 'AttractiveLoquat46', 'E1T4TCFFWP29YEUPOUY6', 'attractiveloquat46@gmail.com', './images/ProfilePics/unknown_pic.jpg', '2019-06-08 08:16:01', 'user', 'public'),
(291, 'BlueCrocodile52', 'C9QYVEOOMVZOS3KZKOIU', 'bluecrocodile52@gmail.com', './images/ProfilePics/unknown_pic.jpg', '2019-06-08 08:16:01', 'user', 'public'),
(292, 'NervousBanana1', '5Z6RM08QBK2OQ34IL2YQ', 'nervousbanana1@gmail.com', './images/ProfilePics/unknown_pic.jpg', '2019-06-08 08:16:01', 'user', 'public'),
(293, 'RepulsiveBreadfruit69', 'IH18GJMI9XPHEWFYF2DJ', 'repulsivebreadfruit69@gmail.co', './images/ProfilePics/unknown_pic.jpg', '2019-06-08 08:16:01', 'user', 'public'),
(294, 'AgreeableSoursop51', 'QHL0SPNOH702JV8LHS55', 'agreeablesoursop51@gmail.com', './images/ProfilePics/unknown_pic.jpg', '2019-06-08 08:16:01', 'user', 'public'),
(295, 'AttractiveLoquat47', '4B9P37D9ZM98996Q5PKY', 'attractiveloquat47@gmail.com', './images/ProfilePics/unknown_pic.jpg', '2019-06-08 08:16:01', 'user', 'public'),
(296, 'BronzeSapodilla55', 'UJO78Z6VTVQVX0XGU9BT', 'bronzesapodilla55@gmail.com', './images/ProfilePics/unknown_pic.jpg', '2019-06-08 08:16:01', 'user', 'public'),
(297, 'MuscularCherimoya34', 'IQ4R81ZZVYXC7K5SIZ47', 'muscularcherimoya34@gmail.com', './images/ProfilePics/unknown_pic.jpg', '2019-06-08 08:16:01', 'user', 'public'),
(298, 'LivelyFish20', 'ZVRW4WLD9TZH15VOUN85', 'livelyfish20@gmail.com', './images/ProfilePics/unknown_pic.jpg', '2019-06-08 08:16:01', 'user', 'public'),
(299, 'GreatDog25', '8F0EJJOHMWOCYKC4SWT9', 'greatdog25@gmail.com', './images/ProfilePics/unknown_pic.jpg', '2019-06-08 08:16:01', 'user', 'private'),
(300, 'AmberAnt48', 'MCDV7GD7BSBNG9UVPNUZ', 'amberant48@gmail.com', './images/ProfilePics/unknown_pic.jpg', '2019-06-08 08:16:01', 'user', 'private'),
(301, 'BeigeOwl81', 'J1FB3QPVSDAR01PXOZ0E', 'beigeowl81@gmail.com', './images/ProfilePics/unknown_pic.jpg', '2019-06-08 08:16:01', 'user', 'public'),
(302, 'IvoryOctopus0', 'JN9G8BZ6ES7B73346LFG', 'ivoryoctopus0@gmail.com', './images/ProfilePics/unknown_pic.jpg', '2019-06-08 08:16:01', 'user', 'public'),
(303, 'PoliteMulberries80', 'MUELGT43POSC1O176H27', 'politemulberries80@gmail.com', './images/ProfilePics/unknown_pic.jpg', '2019-06-08 08:16:01', 'user', 'public'),
(304, 'PlainDaikon5', 'LFU6STW6IN2O5394GZN9', 'plaindaikon5@gmail.com', './images/ProfilePics/unknown_pic.jpg', '2019-06-08 08:16:01', 'user', 'public'),
(305, 'BrownFrog31', '3HNGDV97A8R8N098BU06', 'brownfrog31@gmail.com', './images/ProfilePics/unknown_pic.jpg', '2019-06-08 08:16:01', 'user', 'public'),
(306, 'BrownTiger32', 'HPGWYD7PXIM5P6DSWTXS', 'browntiger32@gmail.com', './images/ProfilePics/unknown_pic.jpg', '2019-06-08 08:16:01', 'user', 'public'),
(307, 'GorgeousLemon35', 'TNFJGNZK74CB9HW8RDEC', 'gorgeouslemon35@gmail.com', './images/ProfilePics/unknown_pic.jpg', '2019-06-08 08:16:01', 'user', 'public'),
(308, 'UnsightlyPomegrante3', 'NXZVUOFADWGE0694MZHY', 'unsightlypomegrante3@gmail.com', './images/ProfilePics/unknown_pic.jpg', '2019-06-08 08:16:01', 'user', 'public'),
(309, 'MiniatureSnail2', '7B5A6D0HLFFBBEVK0TQ9', 'miniaturesnail2@gmail.com', './images/ProfilePics/unknown_pic.jpg', '2019-06-08 08:16:01', 'user', 'public'),
(310, 'PunyKangaroo35', 'DWBUY2VU95612FRYBVQC', 'punykangaroo35@gmail.com', './images/ProfilePics/unknown_pic.jpg', '2019-06-08 08:16:01', 'user', 'public'),
(311, 'GreatGiraffe69', 'S88BHD2K7G54FWCVKLDE', 'greatgiraffe69@gmail.com', './images/ProfilePics/unknown_pic.jpg', '2019-06-08 08:16:01', 'user', 'public'),
(312, 'IvoryPomegrante52', 'OGM9C2154J5FFYFHLB6I', 'ivorypomegrante52@gmail.com', './images/ProfilePics/unknown_pic.jpg', '2019-06-08 08:16:01', 'user', 'public'),
(313, 'SadDuck82', 'H3RFS8ZHOUKTF4PB0AKV', 'sadduck82@gmail.com', './images/ProfilePics/unknown_pic.jpg', '2019-06-08 08:16:01', 'user', 'public'),
(314, 'IvoryCabbage34', 'XJW6RC85KDP4A1MTEQ9V', 'ivorycabbage34@gmail.com', './images/ProfilePics/unknown_pic.jpg', '2019-06-08 08:16:01', 'user', 'public'),
(315, 'FitGiraffe80', 'MQE6V62EMNMJL8M989YQ', 'fitgiraffe80@gmail.com', './images/ProfilePics/unknown_pic.jpg', '2019-06-08 08:16:01', 'user', 'public'),
(316, 'SkinnyZebra13', '1TRXW5SJ9ACMJBK71BOV', 'skinnyzebra13@gmail.com', './images/ProfilePics/unknown_pic.jpg', '2019-06-08 08:16:01', 'user', 'public'),
(317, 'JollyRat7', '07M8HY0NJ53RCVXVYY64', 'jollyrat7@gmail.com', './images/ProfilePics/unknown_pic.jpg', '2019-06-08 08:16:01', 'user', 'public'),
(318, 'WorriedLobster45', 'LNMGL7120D6E4S7SGGEV', 'worriedlobster45@gmail.com', './images/ProfilePics/unknown_pic.jpg', '2019-06-08 08:16:01', 'user', 'public'),
(319, 'UnkemptGuava8', 'AU0UGJXLV8P351PJJA6G', 'unkemptguava8@gmail.com', './images/ProfilePics/unknown_pic.jpg', '2019-06-08 08:16:01', 'user', 'public'),
(320, 'MiniatureFrog66', 'FK0QPJ9VIMA2QYNVMVHA', 'miniaturefrog66@gmail.com', './images/ProfilePics/unknown_pic.jpg', '2019-06-08 08:16:01', 'user', 'public');
INSERT INTO `users` (`id`, `username`, `password`, `email`, `profile_path`, `register_date`, `acc_type`, `session_type`) VALUES
(321, 'GreenRadishes33', 'QKCUNREPF0K636GDVZ6W', 'greenradishes33@gmail.com', './images/ProfilePics/unknown_pic.jpg', '2019-06-08 08:16:01', 'user', 'public'),
(322, 'YellowBanana43', '5OQH20F64CKDBOLXNU9T', 'yellowbanana43@gmail.com', './images/ProfilePics/unknown_pic.jpg', '2019-06-08 08:16:01', 'user', 'private'),
(323, 'PlumpFly26', 'UO7TBS6W82BQSTWJD5JE', 'plumpfly26@gmail.com', './images/ProfilePics/unknown_pic.jpg', '2019-06-08 08:16:01', 'user', 'public'),
(324, 'MagentaChicken31', 'UFQ5IPO0CXBDSM2DFW33', 'magentachicken31@gmail.com', './images/ProfilePics/unknown_pic.jpg', '2019-06-08 08:16:01', 'user', 'public'),
(325, 'PanickyFeijoa47', '0T806K0O4XYTHVWL0M3L', 'panickyfeijoa47@gmail.com', './images/ProfilePics/unknown_pic.jpg', '2019-06-08 08:16:01', 'user', 'public'),
(326, 'HelplessSpinach90', '1NHDJSKU8Y5PAPPGVA7A', 'helplessspinach90@gmail.com', './images/ProfilePics/unknown_pic.jpg', '2019-06-08 08:16:01', 'user', 'public'),
(327, 'MysteriousTomatillo94', 'I7OYFET1GPDPDKJDW4IS', 'mysterioustomatillo94@gmail.co', './images/ProfilePics/unknown_pic.jpg', '2019-06-08 08:16:01', 'user', 'public'),
(328, 'BigPapaya4', 'WAVXXV7KU6BY6DWPOIFO', 'bigpapaya4@gmail.com', './images/ProfilePics/unknown_pic.jpg', '2019-06-08 08:16:01', 'user', 'public'),
(329, 'KindOwl81', 'EQ21K0BFIKVC91MAWOOK', 'kindowl81@gmail.com', './images/ProfilePics/unknown_pic.jpg', '2019-06-08 08:16:01', 'user', 'public'),
(330, 'TanCherimoya6', 'MXGUTVNB1YYHVJ0CQ7BG', 'tancherimoya6@gmail.com', './images/ProfilePics/unknown_pic.jpg', '2019-06-08 08:16:01', 'user', 'public'),
(331, 'ClumsyKiwifruit0', '7388NWC1OIVEVYRJIUU4', 'clumsykiwifruit0@gmail.com', './images/ProfilePics/unknown_pic.jpg', '2019-06-08 08:16:01', 'user', 'public'),
(332, 'ColossalPlums64', 'WZ0CY25U1O2HR0CPHUVQ', 'colossalplums64@gmail.com', './images/ProfilePics/unknown_pic.jpg', '2019-06-08 08:16:01', 'user', 'public'),
(333, 'PanickyCarrot87', '15KZ5N7339LLZIVP7YVN', 'panickycarrot87@gmail.com', './images/ProfilePics/unknown_pic.jpg', '2019-06-08 08:16:01', 'user', 'public'),
(334, 'VioletDog23', 'OQU2EJWX5LC3QDY4YO3Q', 'violetdog23@gmail.com', './images/ProfilePics/unknown_pic.jpg', '2019-06-08 08:16:01', 'user', 'public'),
(336, 'tester', 'tester', 'tester@gmail.com', './images/ProfilePics/unknown_pic.jpg', '2019-06-09 12:39:00', 'user', 'public');

--
-- Indexes for dumped tables
--

--
-- Indexes for table `friends`
--
ALTER TABLE `friends`
  ADD PRIMARY KEY (`id`),
  ADD KEY `id_user1` (`id_user1`),
  ADD KEY `id_user2` (`id_user2`);

--
-- Indexes for table `games`
--
ALTER TABLE `games`
  ADD PRIMARY KEY (`id`),
  ADD UNIQUE KEY `title` (`title`);

--
-- Indexes for table `generated_trivia`
--
ALTER TABLE `generated_trivia`
  ADD PRIMARY KEY (`id`),
  ADD KEY `id_trivia` (`id_trivia`);

--
-- Indexes for table `libraries`
--
ALTER TABLE `libraries`
  ADD PRIMARY KEY (`id`),
  ADD KEY `id_user` (`id_user`),
  ADD KEY `id_game` (`id_game`);

--
-- Indexes for table `squad`
--
ALTER TABLE `squad`
  ADD PRIMARY KEY (`id`),
  ADD KEY `squad_ibfk_1` (`id_user1`),
  ADD KEY `squad_ibfk_2` (`id_user2`),
  ADD KEY `squad_ibfk_3` (`id_game`);

--
-- Indexes for table `trivia`
--
ALTER TABLE `trivia`
  ADD PRIMARY KEY (`id`),
  ADD UNIQUE KEY `question` (`question`);

--
-- Indexes for table `trivia_answers`
--
ALTER TABLE `trivia_answers`
  ADD PRIMARY KEY (`id`),
  ADD KEY `id_trivia` (`id_trivia`);

--
-- Indexes for table `trivia_score`
--
ALTER TABLE `trivia_score`
  ADD PRIMARY KEY (`id`),
  ADD KEY `id_trivia` (`id_trivia`),
  ADD KEY `id_user` (`id_user`);

--
-- Indexes for table `users`
--
ALTER TABLE `users`
  ADD PRIMARY KEY (`id`),
  ADD UNIQUE KEY `username` (`username`);

--
-- AUTO_INCREMENT for dumped tables
--

--
-- AUTO_INCREMENT for table `friends`
--
ALTER TABLE `friends`
  MODIFY `id` int(11) NOT NULL AUTO_INCREMENT, AUTO_INCREMENT=12;

--
-- AUTO_INCREMENT for table `games`
--
ALTER TABLE `games`
  MODIFY `id` int(11) NOT NULL AUTO_INCREMENT, AUTO_INCREMENT=31;

--
-- AUTO_INCREMENT for table `libraries`
--
ALTER TABLE `libraries`
  MODIFY `id` int(11) NOT NULL AUTO_INCREMENT, AUTO_INCREMENT=26;

--
-- AUTO_INCREMENT for table `squad`
--
ALTER TABLE `squad`
  MODIFY `id` int(11) NOT NULL AUTO_INCREMENT, AUTO_INCREMENT=23;

--
-- AUTO_INCREMENT for table `trivia`
--
ALTER TABLE `trivia`
  MODIFY `id` int(11) NOT NULL AUTO_INCREMENT, AUTO_INCREMENT=11;

--
-- AUTO_INCREMENT for table `trivia_answers`
--
ALTER TABLE `trivia_answers`
  MODIFY `id` int(11) NOT NULL AUTO_INCREMENT, AUTO_INCREMENT=29;

--
-- AUTO_INCREMENT for table `trivia_score`
--
ALTER TABLE `trivia_score`
  MODIFY `id` int(11) NOT NULL AUTO_INCREMENT, AUTO_INCREMENT=10;

--
-- AUTO_INCREMENT for table `users`
--
ALTER TABLE `users`
  MODIFY `id` int(11) NOT NULL AUTO_INCREMENT, AUTO_INCREMENT=337;

--
-- Constraints for dumped tables
--

--
-- Constraints for table `friends`
--
ALTER TABLE `friends`
  ADD CONSTRAINT `friends_ibfk_1` FOREIGN KEY (`id_user1`) REFERENCES `users` (`id`),
  ADD CONSTRAINT `friends_ibfk_2` FOREIGN KEY (`id_user2`) REFERENCES `users` (`id`);

--
-- Constraints for table `generated_trivia`
--
ALTER TABLE `generated_trivia`
  ADD CONSTRAINT `generated_trivia_ibfk_1` FOREIGN KEY (`id_trivia`) REFERENCES `trivia` (`id`);

--
-- Constraints for table `libraries`
--
ALTER TABLE `libraries`
  ADD CONSTRAINT `libraries_ibfk_1` FOREIGN KEY (`id_user`) REFERENCES `users` (`id`),
  ADD CONSTRAINT `libraries_ibfk_2` FOREIGN KEY (`id_game`) REFERENCES `games` (`id`);

--
-- Constraints for table `squad`
--
ALTER TABLE `squad`
  ADD CONSTRAINT `squad_ibfk_1` FOREIGN KEY (`id_user1`) REFERENCES `users` (`id`),
  ADD CONSTRAINT `squad_ibfk_2` FOREIGN KEY (`id_user2`) REFERENCES `users` (`id`),
  ADD CONSTRAINT `squad_ibfk_3` FOREIGN KEY (`id_game`) REFERENCES `games` (`id`);

--
-- Constraints for table `trivia_answers`
--
ALTER TABLE `trivia_answers`
  ADD CONSTRAINT `trivia_answers_ibfk_1` FOREIGN KEY (`id_trivia`) REFERENCES `trivia` (`id`);

--
-- Constraints for table `trivia_score`
--
ALTER TABLE `trivia_score`
  ADD CONSTRAINT `trivia_score_ibfk_1` FOREIGN KEY (`id_trivia`) REFERENCES `trivia` (`id`),
  ADD CONSTRAINT `trivia_score_ibfk_2` FOREIGN KEY (`id_user`) REFERENCES `users` (`id`);
COMMIT;

/*!40101 SET CHARACTER_SET_CLIENT=@OLD_CHARACTER_SET_CLIENT */;
/*!40101 SET CHARACTER_SET_RESULTS=@OLD_CHARACTER_SET_RESULTS */;
/*!40101 SET COLLATION_CONNECTION=@OLD_COLLATION_CONNECTION */;
